Evie Godfrey van Alemannië-Smits,1808 KR,Benningbroek,
Evie Godfrey van Alemannië-Smits,1808 KR,Benningbroek,
Rosa Kuipers,Jetlaan 816,8779 EM,Holwierde
Rosa Kuipers,Jetlaan 816,8779 EM,Holwierde
Rosa Kuipers,Jetlaan 816,8779 EM,Holwierde
Azra de Grunt,4893 FF,Oss,
Azra de Grunt,4893 FF,Oss,
Dani Rijcken,Nadiaring 992,6189 BM,Slagharen
Dani Rijcken,Nadiaring 992,6189 BM,Slagharen
Dani Rijcken,Nadiaring 992,6189 BM,Slagharen
Esmee Wipstrik,7766 ZG,Overveen,
Esmee Wipstrik,7766 ZG,Overveen,
Pieter van Dommelen,7245 NT,Heeze,
Pieter van Dommelen,7245 NT,Heeze,
Emir Breugelensis,2764 NQ,Terherne,
Emir Breugelensis,2764 NQ,Terherne,
Thijs Gruijl,Mustafaweg 488,9748 BY,Taarlo
Thijs Gruijl,Mustafaweg 488,9748 BY,Taarlo
Thijs Gruijl,Mustafaweg 488,9748 BY,Taarlo
Phileine Huurdeman,1849 ZL,Sonnega,
Phileine Huurdeman,1849 ZL,Sonnega,
Azra Claesner,Aliciaring 665,9673 IW,Windraak
Azra Claesner,Aliciaring 665,9673 IW,Windraak
Azra Claesner,Aliciaring 665,9673 IW,Windraak
Luka Honing-Velderman,Michaelpad 580,8046 PC,Oost West en Middelbeers
Luka Honing-Velderman,Michaelpad 580,8046 PC,Oost West en Middelbeers
Luka Honing-Velderman,Michaelpad 580,8046 PC,Oost West en Middelbeers
Joris Eelman,3031 QF,Hengelo (Gld),
Joris Eelman,3031 QF,Hengelo (Gld),
Mara van der Ven,1383 PV,Kapelle,
Mara van der Ven,1383 PV,Kapelle,
Laura Beijring-Broek,1075 IH,Hedikhuizen,
Laura Beijring-Broek,1075 IH,Hedikhuizen,
Jack van de Ven,Rafboulevard 8,8369 HA,Wetsens
Jack van de Ven,Rafboulevard 8,8369 HA,Wetsens
Jack van de Ven,Rafboulevard 8,8369 HA,Wetsens
Matthias Heinrichs,Wouterlaan 310,5715 FY,Zenderen
Matthias Heinrichs,Wouterlaan 310,5715 FY,Zenderen
Matthias Heinrichs,Wouterlaan 310,5715 FY,Zenderen
Jordy Kosten,4530 IS,Sint Anthonis,
Jordy Kosten,4530 IS,Sint Anthonis,
Maurits de Pauw-van de Velde,Luuklaan 729,1004 CX,Sint Maartensbrug
Maurits de Pauw-van de Velde,Luuklaan 729,1004 CX,Sint Maartensbrug
Maurits de Pauw-van de Velde,Luuklaan 729,1004 CX,Sint Maartensbrug
Mohammed de Mol,9401 UO,Haulerwijk,
Mohammed de Mol,9401 UO,Haulerwijk,
Britt Risma,Wesleyring 2,8737 ZN,Roggel
Britt Risma,Wesleyring 2,8737 ZN,Roggel
Britt Risma,Wesleyring 2,8737 ZN,Roggel
Stefan Geldens,6371 NU,Eagum,
Stefan Geldens,6371 NU,Eagum,
Ella Boddaugh,2660 FA,Harbrinkhoek,
Ella Boddaugh,2660 FA,Harbrinkhoek,
Mark Bolkesteijn,Demidreef 8,7535 LE,Gellicum
Mark Bolkesteijn,Demidreef 8,7535 LE,Gellicum
Mark Bolkesteijn,Demidreef 8,7535 LE,Gellicum
Jonas Takkelenburg,7439 AF,Alteveer gem Hoogeveen,
Jonas Takkelenburg,7439 AF,Alteveer gem Hoogeveen,
Femke Goyaerts van Waderle,9083 EO,Sprang-Capelle,
Femke Goyaerts van Waderle,9083 EO,Sprang-Capelle,
Quinty Bruijne van der Veen,4158 HQ,Tzum,
Quinty Bruijne van der Veen,4158 HQ,Tzum,
Evy van Gemert,1363 VZ,Jelsum,
Evy van Gemert,1363 VZ,Jelsum,
Olaf de Keijser,2373 KH,Ledeacker,
Olaf de Keijser,2373 KH,Ledeacker,
Kai Lafleur,Yarasteeg 3,1042 JK,Meerkerk
Kai Lafleur,Yarasteeg 3,1042 JK,Meerkerk
Kai Lafleur,Yarasteeg 3,1042 JK,Meerkerk
Ayden Maaswinkel,6427 KH,Eck en Wiel,
Ayden Maaswinkel,6427 KH,Eck en Wiel,
Evi Claesdr,Pimlaan 2,4405 BJ,Grevenbicht
Evi Claesdr,Pimlaan 2,4405 BJ,Grevenbicht
Evi Claesdr,Pimlaan 2,4405 BJ,Grevenbicht
Jayda van de Brink,Isabelboulevard 678,7046 UC,Scharmer
Jayda van de Brink,Isabelboulevard 678,7046 UC,Scharmer
Jayda van de Brink,Isabelboulevard 678,7046 UC,Scharmer
Naud Blokland,Jacksingel 78,3829 RX,Hoek
Naud Blokland,Jacksingel 78,3829 RX,Hoek
Naud Blokland,Jacksingel 78,3829 RX,Hoek
Tijs VI,Hiddestraat 10,3858 DM,Woldendorp
Tijs VI,Hiddestraat 10,3858 DM,Woldendorp
Tijs VI,Hiddestraat 10,3858 DM,Woldendorp
Loek Blaak,7736 AR,Toornwerd,
Loek Blaak,7736 AR,Toornwerd,
Jari Overdijk-van de Berg,2057 JX,Megen,
Jari Overdijk-van de Berg,2057 JX,Megen,
Myrthe de Plantard,1165 XY,De Bult,
Myrthe de Plantard,1165 XY,De Bult,
Michael Billung,Zoeyhof 93,1935 HC,Ossenwaard
Michael Billung,Zoeyhof 93,1935 HC,Ossenwaard
Michael Billung,Zoeyhof 93,1935 HC,Ossenwaard
Jan Velderman,Thomashof 947,9573 OR,Smakt
Jan Velderman,Thomashof 947,9573 OR,Smakt
Jan Velderman,Thomashof 947,9573 OR,Smakt
Lily Schilt-Steenbakkers,3249 ZT,Farmsum,
Lily Schilt-Steenbakkers,3249 ZT,Farmsum,
Maurits de Bruin,Xavisteeg 8,7625 BF,Sondel
Maurits de Bruin,Xavisteeg 8,7625 BF,Sondel
Maurits de Bruin,Xavisteeg 8,7625 BF,Sondel
Helena Welf-Huls,Benjaminpad 02,5064 KZ,Wjelsryp
Helena Welf-Huls,Benjaminpad 02,5064 KZ,Wjelsryp
Helena Welf-Huls,Benjaminpad 02,5064 KZ,Wjelsryp
Aron Dubois-van Hamaland,Maraboulevard 490,3061 AN,Spanbroek
Aron Dubois-van Hamaland,Maraboulevard 490,3061 AN,Spanbroek
Aron Dubois-van Hamaland,Maraboulevard 490,3061 AN,Spanbroek
Evy Stook,7228 UV,Doniaga,
Evy Stook,7228 UV,Doniaga,
Angelina Le Grand-Vrancken,5815 UA,Ellertshaar,
Angelina Le Grand-Vrancken,5815 UA,Ellertshaar,
Noud Merckx,Miabaan 4,1546 ZT,Nijbroek
Noud Merckx,Miabaan 4,1546 ZT,Nijbroek
Noud Merckx,Miabaan 4,1546 ZT,Nijbroek
Raf Manne,4120 II,Lemelerveld,
Raf Manne,4120 II,Lemelerveld,
Jamie van der Sande,6453 IQ,Klooster Lidlum,
Jamie van der Sande,6453 IQ,Klooster Lidlum,
Ties Genefaas,Timodreef 4,8875 PX,Dussen
Ties Genefaas,Timodreef 4,8875 PX,Dussen
Ties Genefaas,Timodreef 4,8875 PX,Dussen
Ibrahim Eijkelboom-van Orleans,Joshuabaan 1,1377 KT,Boer
Ibrahim Eijkelboom-van Orleans,Joshuabaan 1,1377 KT,Boer
Ibrahim Eijkelboom-van Orleans,Joshuabaan 1,1377 KT,Boer
Imke Manne,6412 YG,Demen,
Imke Manne,6412 YG,Demen,
Nick Klerks,Sarasteeg 6,6987 DJ,Snikzwaag
Nick Klerks,Sarasteeg 6,6987 DJ,Snikzwaag
Nick Klerks,Sarasteeg 6,6987 DJ,Snikzwaag
Aya Ligtvoet,1699 YX,Castelre,
Aya Ligtvoet,1699 YX,Castelre,
Sami Carnotte,4410 EA,Kropswolde,
Sami Carnotte,4410 EA,Kropswolde,
Evi Flink-Geneart,8715 XR,Kommerzijl,
Evi Flink-Geneart,8715 XR,Kommerzijl,
Siem Klein,6587 WG,Ellewoutsdijk,
Siem Klein,6587 WG,Ellewoutsdijk,
Aaron Scardino,1397 YV,Oranje,
Aaron Scardino,1397 YV,Oranje,
Bo Soos-Huurdeman,Megandreef 0,1457 IU,Lemmer
Bo Soos-Huurdeman,Megandreef 0,1457 IU,Lemmer
Bo Soos-Huurdeman,Megandreef 0,1457 IU,Lemmer
James Coolen,7999 MD,Mook,
James Coolen,7999 MD,Mook,
Dylan de Wit-de Bruijn,Ayasteeg 4,6535 VA,Aalsmeerderbrug
Dylan de Wit-de Bruijn,Ayasteeg 4,6535 VA,Aalsmeerderbrug
Dylan de Wit-de Bruijn,Ayasteeg 4,6535 VA,Aalsmeerderbrug
Emily de Nijs,6661 RY,Brandwijk,
Emily de Nijs,6661 RY,Brandwijk,
Fay van Dokkum,Casperdreef 0,8450 UL,Katwoude
Fay van Dokkum,Casperdreef 0,8450 UL,Katwoude
Fay van Dokkum,Casperdreef 0,8450 UL,Katwoude
Fay Kirpenstein,3828 DI,Westerland,
Fay Kirpenstein,3828 DI,Westerland,
Anna van Egisheim,Angelinabaan 489,2981 IT,Nieuw-Beijerland
Anna van Egisheim,Angelinabaan 489,2981 IT,Nieuw-Beijerland
Anna van Egisheim,Angelinabaan 489,2981 IT,Nieuw-Beijerland
Indy Vastenhouw,5122 NK,Renkum,
Indy Vastenhouw,5122 NK,Renkum,
Pien Lafleur,1342 QU,Maasbree,
Pien Lafleur,1342 QU,Maasbree,
Sven Jaceps,Daandreef 97,3834 OC,Wichmond
Sven Jaceps,Daandreef 97,3834 OC,Wichmond
Sven Jaceps,Daandreef 97,3834 OC,Wichmond
Lara van Vlaanderen-van de Darnau,5404 FP,Muiden,
Lara van Vlaanderen-van de Darnau,5404 FP,Muiden,
Pippa Geertsen,3865 KM,Koudekerke,
Pippa Geertsen,3865 KM,Koudekerke,
Damian van de Velden,Kianboulevard 711,6806 EI,Westknollendam
Damian van de Velden,Kianboulevard 711,6806 EI,Westknollendam
Damian van de Velden,Kianboulevard 711,6806 EI,Westknollendam
Lotte Scuylenborchs,Tylerweg 431,2986 BN,Babyloniënbroek
Lotte Scuylenborchs,Tylerweg 431,2986 BN,Babyloniënbroek
Lotte Scuylenborchs,Tylerweg 431,2986 BN,Babyloniënbroek
Liz Joosten,Lizzyboulevard 0,5706 LA,Heerlen
Liz Joosten,Lizzyboulevard 0,5706 LA,Heerlen
Liz Joosten,Lizzyboulevard 0,5706 LA,Heerlen
Esmée Marchand-Kathagen,Thijmenlaan 59,9650 RZ,Twello
Esmée Marchand-Kathagen,Thijmenlaan 59,9650 RZ,Twello
Esmée Marchand-Kathagen,Thijmenlaan 59,9650 RZ,Twello
Yara van Wel,Quinnsteeg 939,7289 ZR,Bad Nieuweschans
Yara van Wel,Quinnsteeg 939,7289 ZR,Bad Nieuweschans
Yara van Wel,Quinnsteeg 939,7289 ZR,Bad Nieuweschans
Mike Terry-van Venrooy,Joëlring 7,9591 VV,Almkerk
Mike Terry-van Venrooy,Joëlring 7,9591 VV,Almkerk
Mike Terry-van Venrooy,Joëlring 7,9591 VV,Almkerk
Jens Appelman,8281 PN,Zutphen,
Jens Appelman,8281 PN,Zutphen,
Dean Kas,3064 SA,Born,
Dean Kas,3064 SA,Born,
Julia Hulshouts-Kallen,1611 PR,Oudeschans,
Julia Hulshouts-Kallen,1611 PR,Oudeschans,
Maya van Wessex,7887 PE,Laren,
Maya van Wessex,7887 PE,Laren,
Mustafa Willems,8676 FG,Peest,
Mustafa Willems,8676 FG,Peest,
Valerie Smits,2974 AP,Blokker,
Valerie Smits,2974 AP,Blokker,
Xavi de Jong,Beaupad 85,5929 BH,Sint Pancras
Xavi de Jong,Beaupad 85,5929 BH,Sint Pancras
Xavi de Jong,Beaupad 85,5929 BH,Sint Pancras
Amira van Alenburg,Sethpad 42,5977 NM,Klooster Lidlum
Amira van Alenburg,Sethpad 42,5977 NM,Klooster Lidlum
Amira van Alenburg,Sethpad 42,5977 NM,Klooster Lidlum
Xavi de Werd,1295 PP,Naaldwijk,
Xavi de Werd,1295 PP,Naaldwijk,
Joshua Bruynzeels-Bresé,5632 WD,Uitwellingerga,
Joshua Bruynzeels-Bresé,5632 WD,Uitwellingerga,
Pieter de Gruson,2096 FH,Noordwijkerhout,
Pieter de Gruson,2096 FH,Noordwijkerhout,
Koen Everts,4521 QG,Aldtsjerk,
Koen Everts,4521 QG,Aldtsjerk,
Jill Ferran,Matthijssteeg 0,2990 TG,Sappemeer
Jill Ferran,Matthijssteeg 0,2990 TG,Sappemeer
Jill Ferran,Matthijssteeg 0,2990 TG,Sappemeer
Isa van Luyssel,Feddehof 39,8477 IC,Eys
Isa van Luyssel,Feddehof 39,8477 IC,Eys
Isa van Luyssel,Feddehof 39,8477 IC,Eys
Robin van der Stael-Diesbergen,2862 ZC,Ledeacker,
Robin van der Stael-Diesbergen,2862 ZC,Ledeacker,
Robin Thatcher-Jansen,1476 SG,Bierum,
Robin Thatcher-Jansen,1476 SG,Bierum,
Evelien van Rooij,5226 ZN,Schiphol-Rijk,
Evelien van Rooij,5226 ZN,Schiphol-Rijk,
Bjorn Smith,Evapad 130,9174 IX,Ubbena
Bjorn Smith,Evapad 130,9174 IX,Ubbena
Bjorn Smith,Evapad 130,9174 IX,Ubbena
Ali Rademaker-Hehl,Mickweg 35,2486 HB,Vijlen
Ali Rademaker-Hehl,Mickweg 35,2486 HB,Vijlen
Ali Rademaker-Hehl,Mickweg 35,2486 HB,Vijlen
Féline Wijland,9973 LF,Oostwoud,
Féline Wijland,9973 LF,Oostwoud,
Koen Jonkman,7736 WK,Zweeloo,
Koen Jonkman,7736 WK,Zweeloo,
Michael Spanhaak,1794 IO,Witte Paarden,
Michael Spanhaak,1794 IO,Witte Paarden,
Cornelia van Santen-Wigman,Lexhof 7,1296 KP,Woldendorp
Cornelia van Santen-Wigman,Lexhof 7,1296 KP,Woldendorp
Cornelia van Santen-Wigman,Lexhof 7,1296 KP,Woldendorp
Roos Vos,1564 FW,Beesd,
Roos Vos,1564 FW,Beesd,
Marinus die Witte,5886 OM,Neerijnen,
Marinus die Witte,5886 OM,Neerijnen,
Myrthe Weyland,Mariaweg 97,7897 OI,Goutum
Myrthe Weyland,Mariaweg 97,7897 OI,Goutum
Myrthe Weyland,Mariaweg 97,7897 OI,Goutum
Joey Romijn-Goedhart,Sennapad 054,6748 IC,Hoensbroek
Joey Romijn-Goedhart,Sennapad 054,6748 IC,Hoensbroek
Joey Romijn-Goedhart,Sennapad 054,6748 IC,Hoensbroek
Luca Glasses-Aertsz,3487 EG,Luyksgestel,
Luca Glasses-Aertsz,3487 EG,Luyksgestel,
Sepp de Pauw-van der Velden,6719 UJ,Riethoven,
Sepp de Pauw-van der Velden,6719 UJ,Riethoven,
Merle Klomp Jan,6540 HF,Engwierum,
Merle Klomp Jan,6540 HF,Engwierum,
Sil Fremie,7209 YJ,Hapert,
Sil Fremie,7209 YJ,Hapert,
Noah Le Marec-de Haan,5391 QJ,Scharendijke,
Noah Le Marec-de Haan,5391 QJ,Scharendijke,
Elisa Rehorst-Vermeulen,7234 CC,Goes,
Elisa Rehorst-Vermeulen,7234 CC,Goes,
Julia Huijs,1819 CJ,Bemmel,
Julia Huijs,1819 CJ,Bemmel,
Sam Schilt-Dennenberg,Benbaan 505,8724 SW,Heeswijk-Dinther
Sam Schilt-Dennenberg,Benbaan 505,8724 SW,Heeswijk-Dinther
Sam Schilt-Dennenberg,Benbaan 505,8724 SW,Heeswijk-Dinther
Veerle Bekbergen,2533 AS,Waterhuizen,
Veerle Bekbergen,2533 AS,Waterhuizen,
Lucy Koret,7228 JR,Zeeland,
Lucy Koret,7228 JR,Zeeland,
Dex Eelman,8880 OV,Nijeholtpade,
Dex Eelman,8880 OV,Nijeholtpade,
Jim Schipper,7702 LP,Koudum,
Jim Schipper,7702 LP,Koudum,
Ninthe van Berkel,9769 IZ,Bentveld,
Ninthe van Berkel,9769 IZ,Bentveld,
Gijs Timmermans,Lottesingel 7,8991 BC,Dearsum
Gijs Timmermans,Lottesingel 7,8991 BC,Dearsum
Gijs Timmermans,Lottesingel 7,8991 BC,Dearsum
Stijn Mathieu,5135 RO,Vledderveen,
Stijn Mathieu,5135 RO,Vledderveen,
Jolijn Fredriks-Overeem,3849 CH,Obbicht,
Jolijn Fredriks-Overeem,3849 CH,Obbicht,
Benjamin Heijmans-Cornelisse,9074 QH,Den Bommel,
Benjamin Heijmans-Cornelisse,9074 QH,Den Bommel,
Adriana de Roos,2328 WD,Geerdijk,
Adriana de Roos,2328 WD,Geerdijk,
Sander van der Noot,Jolijnsingel 7,7373 HP,Tuitjenhorn
Sander van der Noot,Jolijnsingel 7,7373 HP,Tuitjenhorn
Sander van der Noot,Jolijnsingel 7,7373 HP,Tuitjenhorn
Thijs de Bruin-van Wel,Ashleystraat 958,3410 XJ,Rouveen
Thijs de Bruin-van Wel,Ashleystraat 958,3410 XJ,Rouveen
Thijs de Bruin-van Wel,Ashleystraat 958,3410 XJ,Rouveen
Thom Knuf,Catolaan 94,1179 WN,Balgoij
Thom Knuf,Catolaan 94,1179 WN,Balgoij
Thom Knuf,Catolaan 94,1179 WN,Balgoij
Linde Bresé,Jaydenstraat 01,2713 YF,Twijzel
Linde Bresé,Jaydenstraat 01,2713 YF,Twijzel
Linde Bresé,Jaydenstraat 01,2713 YF,Twijzel
Faye Steenbakkers,1383 BV,Asten,
Faye Steenbakkers,1383 BV,Asten,
Linn Thout,Rikweg 540,8021 RB,Cromvoirt
Linn Thout,Rikweg 540,8021 RB,Cromvoirt
Linn Thout,Rikweg 540,8021 RB,Cromvoirt
Marijn Charon,Berathof 75,4264 UU,Enspijk
Marijn Charon,Berathof 75,4264 UU,Enspijk
Marijn Charon,Berathof 75,4264 UU,Enspijk
Merle Otto,1485 TG,Houwerzijl,
Merle Otto,1485 TG,Houwerzijl,
Silke Berendse,1624 QZ,Knegsel,
Silke Berendse,1624 QZ,Knegsel,
Azra Jansen,4816 BQ,Ohé en Laak,
Azra Jansen,4816 BQ,Ohé en Laak,
Feline Hoeks-Wouters van Eijndhoven,Chloëboulevard 45,9303 NY,Hoorn
Feline Hoeks-Wouters van Eijndhoven,Chloëboulevard 45,9303 NY,Hoorn
Feline Hoeks-Wouters van Eijndhoven,Chloëboulevard 45,9303 NY,Hoorn
Amélie van Susa,2569 HN,Raamsdonk,
Amélie van Susa,2569 HN,Raamsdonk,
Joshua Jansen-Marchal,5889 UD,Pesse,
Joshua Jansen-Marchal,5889 UD,Pesse,
Chris Peronne,Brampad 3,2139 DG,Eagum
Chris Peronne,Brampad 3,2139 DG,Eagum
Chris Peronne,Brampad 3,2139 DG,Eagum
Kick Schenk,4784 KL,Garmerwolde,
Kick Schenk,4784 KL,Garmerwolde,
Vincent Beijring-Godfrey van Alemannië,2883 HU,Bitgum,
Vincent Beijring-Godfrey van Alemannië,2883 HU,Bitgum,
Vera van Dokkum,Mettering 74,7315 VE,Dalfsen
Vera van Dokkum,Mettering 74,7315 VE,Dalfsen
Vera van Dokkum,Mettering 74,7315 VE,Dalfsen
Ties van Vlaanderen,1019 JA,Saaksum,
Ties van Vlaanderen,1019 JA,Saaksum,
Marinus Elberts,Aydenstraat 9,3407 AP,Ter Aar
Marinus Elberts,Aydenstraat 9,3407 AP,Ter Aar
Marinus Elberts,Aydenstraat 9,3407 AP,Ter Aar
Leon Bolkesteijn,Julianstraat 8,2106 CU,Ell
Leon Bolkesteijn,Julianstraat 8,2106 CU,Ell
Leon Bolkesteijn,Julianstraat 8,2106 CU,Ell
Sienna Drysdale-Elbertse,4809 QU,Nispen,
Sienna Drysdale-Elbertse,4809 QU,Nispen,
Stan van Breukelveen,1276 VJ,Ruinerwold,
Stan van Breukelveen,1276 VJ,Ruinerwold,
Ella van Loon-Wigman,4679 PW,Midwolde,
Ella van Loon-Wigman,4679 PW,Midwolde,
Joël Brizee,2864 CS,De Bult,
Joël Brizee,2864 CS,De Bult,
Imke d' Heripon,Zoëhof 37,8206 PV,Westkapelle
Imke d' Heripon,Zoëhof 37,8206 PV,Westkapelle
Imke d' Heripon,Zoëhof 37,8206 PV,Westkapelle
Jip Schenkel-Bruijne van der Veen,8326 NW,Epse,
Jip Schenkel-Bruijne van der Veen,8326 NW,Epse,
Zara Le Grand,6805 JX,Chaam,
Zara Le Grand,6805 JX,Chaam,
Tess Woudenberg-Latier,5167 LR,Wintelre,
Tess Woudenberg-Latier,5167 LR,Wintelre,
Isa Bloemendaal,Aminaboulevard 9,3632 NX,Harich
Isa Bloemendaal,Aminaboulevard 9,3632 NX,Harich
Isa Bloemendaal,Aminaboulevard 9,3632 NX,Harich
Aron Schrik,Ayabaan 2,3444 NJ,Nederasselt
Aron Schrik,Ayabaan 2,3444 NJ,Nederasselt
Aron Schrik,Ayabaan 2,3444 NJ,Nederasselt
Lynn Jansdr,Faysingel 06,3196 MA,Wilsum
Lynn Jansdr,Faysingel 06,3196 MA,Wilsum
Lynn Jansdr,Faysingel 06,3196 MA,Wilsum
Saar d' Heripon,3043 RD,Nunhem,
Saar d' Heripon,3043 RD,Nunhem,
Julius Scardino,1501 RQ,Strijbeek,
Julius Scardino,1501 RQ,Strijbeek,
Mila van Formbach,6903 BN,Waardhuizen,
Mila van Formbach,6903 BN,Waardhuizen,
Floris Glasses-Shupe,7938 MU,Teuge,
Floris Glasses-Shupe,7938 MU,Teuge,
Suus Boddaugh,Matsweg 6,8044 JN,Teerns
Suus Boddaugh,Matsweg 6,8044 JN,Teerns
Suus Boddaugh,Matsweg 6,8044 JN,Teerns
Leah Pauwels,3220 WD,Tjalleberd,
Leah Pauwels,3220 WD,Tjalleberd,
Ruben Postma,Elizahof 2,6452 BP,Alteveer gem Hoogeveen
Ruben Postma,Elizahof 2,6452 BP,Alteveer gem Hoogeveen
Ruben Postma,Elizahof 2,6452 BP,Alteveer gem Hoogeveen
Jennifer Riem-van Breukelveen,Stanweg 45,6389 OE,Budel-Dorplein
Jennifer Riem-van Breukelveen,Stanweg 45,6389 OE,Budel-Dorplein
Jennifer Riem-van Breukelveen,Stanweg 45,6389 OE,Budel-Dorplein
Simon van Stralen-de Koning,6636 RU,Netersel,
Simon van Stralen-de Koning,6636 RU,Netersel,
Maryam Bernaards,5328 QJ,Haastrecht,
Maryam Bernaards,5328 QJ,Haastrecht,
Jayda Everts,1344 EO,Ossendrecht,
Jayda Everts,1344 EO,Ossendrecht,
Jari Kremer,Ninthering 548,3708 AI,Mookhoek
Jari Kremer,Ninthering 548,3708 AI,Mookhoek
Jari Kremer,Ninthering 548,3708 AI,Mookhoek
Joëlle Prins,Imransingel 20,7279 WQ,Stiens
Joëlle Prins,Imransingel 20,7279 WQ,Stiens
Joëlle Prins,Imransingel 20,7279 WQ,Stiens
Amir Soos-Kisman,Meikering 7,7174 DQ,Kolhorn
Amir Soos-Kisman,Meikering 7,7174 DQ,Kolhorn
Amir Soos-Kisman,Meikering 7,7174 DQ,Kolhorn
Michelle Reijers,4691 IS,Boijl,
Michelle Reijers,4691 IS,Boijl,
Jenna Jdotte,Benboulevard 84,1656 KJ,Puth
Jenna Jdotte,Benboulevard 84,1656 KJ,Puth
Jenna Jdotte,Benboulevard 84,1656 KJ,Puth
Rosalie Smeets,Masonbaan 680,6707 IR,Neeritter
Rosalie Smeets,Masonbaan 680,6707 IR,Neeritter
Rosalie Smeets,Masonbaan 680,6707 IR,Neeritter
Evy van Mook,9286 WX,Rockanje,
Evy van Mook,9286 WX,Rockanje,
Luuk Huberts,Isalaan 328,4673 YB,Steyl
Luuk Huberts,Isalaan 328,4673 YB,Steyl
Luuk Huberts,Isalaan 328,4673 YB,Steyl
Jelle Schwartsbach-Dekker,1270 XV,Vlieland,
Jelle Schwartsbach-Dekker,1270 XV,Vlieland,
Benthe Vos-Thout,Olafsingel 296,7599 JU,Zegveld
Benthe Vos-Thout,Olafsingel 296,7599 JU,Zegveld
Benthe Vos-Thout,Olafsingel 296,7599 JU,Zegveld
Teun Janssen-Bave,5053 BN,Nieuwersluis,
Teun Janssen-Bave,5053 BN,Nieuwersluis,
Marinus Kalman-van der Pol,Lottehof 279,1664 CZ,Burgum
Marinus Kalman-van der Pol,Lottehof 279,1664 CZ,Burgum
Marinus Kalman-van der Pol,Lottehof 279,1664 CZ,Burgum
Puck Huisman-Mol,6928 HK,Zuiddorpe,
Puck Huisman-Mol,6928 HK,Zuiddorpe,
Siem Poncelet-de Gruil,Leonsingel 834,3698 VF,Sint Joost
Siem Poncelet-de Gruil,Leonsingel 834,3698 VF,Sint Joost
Siem Poncelet-de Gruil,Leonsingel 834,3698 VF,Sint Joost
Emir Uphaus,Sylviehof 078,4996 SS,Zeijen
Emir Uphaus,Sylviehof 078,4996 SS,Zeijen
Emir Uphaus,Sylviehof 078,4996 SS,Zeijen
Jordy Hellevoort-Reimes,3423 SK,Ursem,
Jordy Hellevoort-Reimes,3423 SK,Ursem,
Jason van Dommelen,9075 LH,Doldersum,
Jason van Dommelen,9075 LH,Doldersum,
Evie Geneart,5110 HC,Teroele,
Evie Geneart,5110 HC,Teroele,
Lukas Kamp,2019 TH,Gelselaar,
Lukas Kamp,2019 TH,Gelselaar,
Fem van der Stael-van Heusden,3987 KP,Ommen,
Fem van der Stael-van Heusden,3987 KP,Ommen,
Vigo Lagerweij,Sterreweg 520,9483 SF,Akersloot
Vigo Lagerweij,Sterreweg 520,9483 SF,Akersloot
Vigo Lagerweij,Sterreweg 520,9483 SF,Akersloot
Jason de Gruijter,9773 TQ,Siebengewald,
Jason de Gruijter,9773 TQ,Siebengewald,
Lisanne Suijker,3526 WY,Nuth,
Lisanne Suijker,3526 WY,Nuth,
Kian van Stralen-Schagen,Jetweg 9,3316 KU,Elahuizen
Kian van Stralen-Schagen,Jetweg 9,3316 KU,Elahuizen
Kian van Stralen-Schagen,Jetweg 9,3316 KU,Elahuizen
Jake Nijman-Bartels,1550 WQ,Valburg,
Jake Nijman-Bartels,1550 WQ,Valburg,
Bram Wensen-van de Wal,8598 OI,Eexterveenschekanaal,
Bram Wensen-van de Wal,8598 OI,Eexterveenschekanaal,
Nick Buijs,Simonweg 584,8254 DF,Hee
Nick Buijs,Simonweg 584,8254 DF,Hee
Nick Buijs,Simonweg 584,8254 DF,Hee
Bram Kirpenstein,Siennadreef 261,4471 XG,Rossum
Bram Kirpenstein,Siennadreef 261,4471 XG,Rossum
Bram Kirpenstein,Siennadreef 261,4471 XG,Rossum
Jaylinn Kramer-Cornelisz,7603 AS,Zandvoort,
Jaylinn Kramer-Cornelisz,7603 AS,Zandvoort,
Maurits Bosman,1247 MU,Wieringerwerf,
Maurits Bosman,1247 MU,Wieringerwerf,
Yusuf Beernink,1373 PZ,Merkelbeek,
Yusuf Beernink,1373 PZ,Merkelbeek,
Naomi de Boer,5386 OR,Oosterwolde,
Naomi de Boer,5386 OR,Oosterwolde,
Rosalie Kuijpers-Lamore,Sarabaan 27,9347 MZ,Babberich
Rosalie Kuijpers-Lamore,Sarabaan 27,9347 MZ,Babberich
Rosalie Kuijpers-Lamore,Sarabaan 27,9347 MZ,Babberich
Robin Aeije,6604 AT,Wolfheze,
Robin Aeije,6604 AT,Wolfheze,
Thom van Maaren,Maryamstraat 24,6765 QC,Oosthuizen
Thom van Maaren,Maryamstraat 24,6765 QC,Oosthuizen
Thom van Maaren,Maryamstraat 24,6765 QC,Oosthuizen
Jinthe Cant,Amirasteeg 0,5954 GN,Wijnbergen
Jinthe Cant,Amirasteeg 0,5954 GN,Wijnbergen
Jinthe Cant,Amirasteeg 0,5954 GN,Wijnbergen
