Stef van Schevinghuizen-Smit,Belgium,14,99889.55
Stef van Schevinghuizen-Smit,Belgium,39,99889.55
Stef van Schevinghuizen-Smit,Belgium,3,99889.55
Stef van Schevinghuizen-Smit,Belgium,28,99889.55
Stef van Schevinghuizen-Smit,Belgium,7,99889.55
Stef van Schevinghuizen-Smit,Belgium,33,99889.55
Stef van Schevinghuizen-Smit,Belgium,37,99889.55
Stef van Schevinghuizen-Smit,Belgium,33,99889.55
Stef van Schevinghuizen-Smit,Belgium,1,99889.55
Stef van Schevinghuizen-Smit,Belgium,39,99889.55
Stef van Schevinghuizen-Smit,Belgium,34,99889.55
Stef van Schevinghuizen-Smit,Belgium,15,99889.55
Stef van Schevinghuizen-Smit,Belgium,24,99889.55
Stef van Schevinghuizen-Smit,Belgium,44,99889.55
Stef van Schevinghuizen-Smit,Belgium,49,99889.55
Stef van Schevinghuizen-Smit,Belgium,24,99889.55
Stef van Schevinghuizen-Smit,Belgium,14,99889.55
Stef van Schevinghuizen-Smit,Belgium,44,99889.55
Stef van Schevinghuizen-Smit,Belgium,26,99889.55
Stef van Schevinghuizen-Smit,Belgium,12,99889.55
Stef van Schevinghuizen-Smit,Belgium,10,99889.55
Stef van Schevinghuizen-Smit,Belgium,42,99889.55
Stef van Schevinghuizen-Smit,Belgium,5,99889.55
Stef van Schevinghuizen-Smit,Belgium,34,99889.55
Stef van Schevinghuizen-Smit,Belgium,27,99889.55
Stef van Schevinghuizen-Smit,Belgium,4,99889.55
Stef van Schevinghuizen-Smit,Belgium,7,99889.55
Stef van Schevinghuizen-Smit,Belgium,6,99889.55
Stef van Schevinghuizen-Smit,Belgium,18,99889.55
Stef van Schevinghuizen-Smit,Belgium,35,99889.55
Stef van Schevinghuizen-Smit,Belgium,33,99889.55
Stef van Schevinghuizen-Smit,Belgium,35,99889.55
Stef van Schevinghuizen-Smit,Belgium,41,99889.55
Stef van Schevinghuizen-Smit,Belgium,10,99889.55
Stef van Schevinghuizen-Smit,Belgium,39,99889.55
Stef van Schevinghuizen-Smit,Germany,4,99889.55
Stef van Schevinghuizen-Smit,Germany,21,99889.55
Stef van Schevinghuizen-Smit,Germany,18,99889.55
Stef van Schevinghuizen-Smit,Germany,40,99889.55
Stef van Schevinghuizen-Smit,Germany,18,99889.55
Stef van Schevinghuizen-Smit,Germany,48,99889.55
Stef van Schevinghuizen-Smit,Germany,8,99889.55
Stef van Schevinghuizen-Smit,Germany,39,99889.55
Stef van Schevinghuizen-Smit,Germany,38,99889.55
Stef van Schevinghuizen-Smit,Germany,7,99889.55
Stef van Schevinghuizen-Smit,Germany,31,99889.55
Stef van Schevinghuizen-Smit,Germany,43,99889.55
Stef van Schevinghuizen-Smit,Germany,24,99889.55
Stef van Schevinghuizen-Smit,Germany,26,99889.55
Stef van Schevinghuizen-Smit,Germany,42,99889.55
Stef van Schevinghuizen-Smit,Germany,40,99889.55
Stef van Schevinghuizen-Smit,Germany,16,99889.55
Stef van Schevinghuizen-Smit,Germany,1,99889.55
Stef van Schevinghuizen-Smit,Germany,34,99889.55
Stef van Schevinghuizen-Smit,Germany,22,99889.55
Stef van Schevinghuizen-Smit,Germany,22,99889.55
Stef van Schevinghuizen-Smit,Germany,12,99889.55
Stef van Schevinghuizen-Smit,Germany,15,99889.55
Stef van Schevinghuizen-Smit,Germany,10,99889.55
Stef van Schevinghuizen-Smit,Germany,18,99889.55
Stef van Schevinghuizen-Smit,Germany,6,99889.55
Stef van Schevinghuizen-Smit,Germany,12,99889.55
Stef van Schevinghuizen-Smit,Germany,35,99889.55
Stef van Schevinghuizen-Smit,Germany,35,99889.55
Stef van Schevinghuizen-Smit,Germany,16,99889.55
Stef van Schevinghuizen-Smit,Germany,28,99889.55
Stef van Schevinghuizen-Smit,Netherlands,38,99889.55
Stef van Schevinghuizen-Smit,Netherlands,31,99889.55
Stef van Schevinghuizen-Smit,Netherlands,14,99889.55
Stef van Schevinghuizen-Smit,Netherlands,14,99889.55
Stef van Schevinghuizen-Smit,Netherlands,2,99889.55
Stef van Schevinghuizen-Smit,Netherlands,17,99889.55
Stef van Schevinghuizen-Smit,Netherlands,29,99889.55
Stef van Schevinghuizen-Smit,Netherlands,2,99889.55
Stef van Schevinghuizen-Smit,Netherlands,48,99889.55
Stef van Schevinghuizen-Smit,Netherlands,24,99889.55
Stef van Schevinghuizen-Smit,Netherlands,4,99889.55
Stef van Schevinghuizen-Smit,Netherlands,3,99889.55
Stef van Schevinghuizen-Smit,Netherlands,42,99889.55
Stef van Schevinghuizen-Smit,Netherlands,30,99889.55
Stef van Schevinghuizen-Smit,Netherlands,50,99889.55
Stef van Schevinghuizen-Smit,Netherlands,30,99889.55
Stef van Schevinghuizen-Smit,Netherlands,6,99889.55
Stef van Schevinghuizen-Smit,Netherlands,16,99889.55
Stef van Schevinghuizen-Smit,Netherlands,4,99889.55
Stef van Schevinghuizen-Smit,Netherlands,13,99889.55
Stef van Schevinghuizen-Smit,Netherlands,20,99889.55
Stef van Schevinghuizen-Smit,Netherlands,49,99889.55
Stef van Schevinghuizen-Smit,Netherlands,29,99889.55
Stef van Schevinghuizen-Smit,Netherlands,13,99889.55
Stef van Schevinghuizen-Smit,Netherlands,14,99889.55
Stef van Schevinghuizen-Smit,Netherlands,47,99889.55
